scouts,rescue,total_robots,seed,rescued_victims,detected_victims,explored_fraction,collisions,repeated_visits,mean_localization_error,completion_time,mission_completed
0,1,1,0,7,7,0.6280519480519481,0,3,21.705088074292128,50.0,False
0,1,1,0,7,7,0.6280519480519481,0,3,21.705088074292128,50.0,False
0,1,1,1,7,7,0.6451948051948052,0,0,4.4118389402243645,50.0,False
0,1,1,2,7,8,0.7496103896103896,0,2,46.099021069972714,50.0,False
0,1,1,3,8,8,0.7418181818181818,0,4,11.027660498610045,50.0,False
0,1,1,4,6,6,0.7506493506493507,0,2,19.606265298857863,50.0,False
1,1,2,0,13,13,0.852987012987013,0,7,15.60959931435551,50.0,False
1,1,2,1,11,13,0.8290909090909091,0,6,11.554322713692745,50.0,False
1,1,2,2,11,11,0.8535064935064935,0,4,33.986004125225946,50.0,False
1,1,2,3,12,14,0.8431168831168832,0,2,11.802857685918731,50.0,False
1,1,2,4,8,11,0.8212987012987013,0,3,39.23907060178221,50.0,False
2,1,3,0,13,15,0.8831168831168831,0,6,23.58139435896962,50.0,False
2,1,3,1,13,15,0.8716883116883117,0,3,9.907653015794702,50.0,False
2,1,3,2,13,15,0.88,0,3,24.6577778155369,50.0,False
2,1,3,3,13,14,0.8633766233766234,0,2,17.093201348324026,50.0,False
2,1,3,4,9,14,0.8914285714285715,0,1,30.03123520237761,50.0,False
0,2,2,0,11,11,0.6805194805194805,0,8,14.641759622485703,50.0,False
0,2,2,1,12,12,0.8212987012987013,0,2,28.336750010364,50.0,False
0,2,2,2,8,8,0.7605194805194805,0,3,35.29879654394807,50.0,False
0,2,2,3,13,13,0.8597402597402597,0,5,16.28082832477325,50.0,False
0,2,2,4,10,10,0.8062337662337662,0,1,26.082707732058804,50.0,False
1,2,3,0,12,12,0.8602597402597403,2,8,23.263315239841816,50.0,False
1,2,3,1,10,10,0.841038961038961,0,3,17.05916448866463,50.0,False
1,2,3,2,13,14,0.8597402597402597,0,6,20.754935964814923,50.0,False
1,2,3,3,13,14,0.8597402597402597,1,4,15.541570818229074,50.0,False
1,2,3,4,15,15,0.8789610389610389,0,3,24.50631951014059,38.0,True
2,2,4,0,12,13,0.8722077922077922,0,7,21.37040161052609,50.0,False
2,2,4,1,14,15,0.8727272727272727,0,7,12.791135566913926,50.0,False
2,2,4,2,14,15,0.8789610389610389,0,5,43.35354849239982,50.0,False
2,2,4,3,15,15,0.8841558441558441,0,5,18.315962740125133,39.85,True
2,2,4,4,14,15,0.8976623376623377,0,7,37.71441005285593,50.0,False
0,1,1,0,12,12,0.8545454545454545,0,3,25.91842992581134,83.33333333333333,False
0,1,1,1,12,12,0.7922077922077922,0,0,4.089579837646891,83.33333333333333,False
0,1,1,2,10,10,0.7797402597402597,0,2,39.750991350287045,83.33333333333333,False
0,1,1,3,11,11,0.8072727272727273,0,4,11.5921321966366,83.33333333333333,False
0,1,1,4,8,8,0.7896103896103897,0,2,20.607469984652617,83.33333333333333,False
1,1,2,0,15,15,0.8732467532467533,0,7,16.328356550928437,72.53333333333333,True
1,1,2,1,14,15,0.8815584415584415,0,6,12.544479462433246,83.33333333333333,False
1,1,2,2,14,15,0.8680519480519481,0,4,34.24696365050032,83.33333333333333,False
1,1,2,3,15,15,0.8727272727272727,0,2,15.098031372063744,80.58333333333333,True
1,1,2,4,14,15,0.8815584415584415,0,3,39.44043071349616,83.33333333333333,False
2,1,3,0,15,15,0.8872727272727273,0,6,24.946230362073546,73.75,True
2,1,3,1,15,15,0.8768831168831169,0,3,10.34298208161723,74.4,True
2,1,3,2,15,15,0.8836363636363637,0,3,23.93565673329558,58.85,True
2,1,3,3,15,15,0.8711688311688311,0,2,16.32477133734399,71.16666666666667,True
2,1,3,4,15,15,0.8966233766233767,0,1,27.239576494678914,70.1,True
3,1,4,0,15,15,0.8846753246753247,0,3,22.6922575771956,60.9,True
3,1,4,1,15,15,0.8690909090909091,0,5,8.188802097582448,59.8,True
3,1,4,2,14,15,0.9038961038961039,0,1,45.02114313628441,83.33333333333333,False
3,1,4,3,8,15,0.8825974025974026,1293,5,23.054213557335117,83.33333333333333,False
3,1,4,4,15,15,0.8940259740259741,0,3,29.325937785486172,55.93333333333333,True
4,1,5,0,15,15,0.9023376623376623,0,3,32.749053520765855,61.9,True
4,1,5,1,15,15,0.8857142857142857,0,4,9.292808819576237,56.016666666666666,True
4,1,5,2,14,15,0.9127272727272727,8,2,51.38556913690839,83.33333333333333,False
4,1,5,3,15,15,0.8810389610389611,0,5,15.110268491109254,62.05,True
4,1,5,4,15,15,0.8919480519480519,0,3,24.14411319009383,63.199999999999996,True
0,2,2,0,15,15,0.8867532467532467,0,8,17.838995392722566,82.38333333333333,True
0,2,2,1,15,15,0.8784415584415585,0,2,28.94088993234312,81.13333333333333,True
0,2,2,2,12,13,0.8420779220779221,0,3,30.905927450060855,83.33333333333333,False
0,2,2,3,15,15,0.8696103896103896,0,5,18.752778823648356,65.66666666666667,True
0,2,2,4,15,15,0.8867532467532467,0,1,30.19629929594349,70.91666666666667,True
1,2,3,0,15,15,0.8872727272727273,2,8,22.449493758663923,54.949999999999996,True
1,2,3,1,12,14,0.8628571428571429,0,3,18.41780810847057,83.33333333333333,False
1,2,3,2,15,15,0.8727272727272727,0,6,19.911513037431313,68.73333333333333,True
1,2,3,3,15,15,0.8784415584415585,1,4,19.19550525990687,67.16666666666667,True
1,2,3,4,15,15,0.8789610389610389,0,3,24.50631951014059,38.0,True
2,2,4,0,15,15,0.8992207792207793,0,7,24.70275033226374,75.06666666666666,True
2,2,4,1,15,15,0.8862337662337663,0,7,12.82131708576598,62.03333333333333,True
2,2,4,2,15,15,0.8789610389610389,0,5,43.398313976319116,50.56666666666666,True
2,2,4,3,15,15,0.8841558441558441,0,5,18.315962740125133,39.85,True
2,2,4,4,15,15,0.9012987012987013,0,7,37.676024328941125,58.199999999999996,True
3,2,5,0,15,15,0.9075324675324675,0,7,31.732360185190448,67.35,True
3,2,5,1,15,15,0.8711688311688311,0,8,18.746115078833107,36.166666666666664,True
3,2,5,2,15,15,0.8914285714285715,0,5,38.53258328324596,56.916666666666664,True
3,2,5,3,15,15,0.8789610389610389,0,7,9.873046404151161,49.55,True
3,2,5,4,15,15,0.8680519480519481,0,5,29.72650804171465,31.3,True
4,2,6,0,15,15,0.9049350649350649,0,8,26.430582379453792,40.85,True
4,2,6,1,15,15,0.8857142857142857,0,6,12.736414158820418,43.333333333333336,True
4,2,6,2,15,15,0.9075324675324675,0,4,44.037362840689795,65.03333333333333,True
4,2,6,3,15,15,0.8919480519480519,0,9,15.72313801563042,50.483333333333334,True
4,2,6,4,15,15,0.8992207792207793,0,9,30.870834266082195,48.95,True
0,3,3,0,15,15,0.9002597402597402,0,6,32.49414872916679,60.583333333333336,True
0,3,3,1,15,15,0.8690909090909091,0,6,10.008706433334508,59.56666666666666,True
0,3,3,2,15,15,0.8903896103896104,0,5,35.74352157411678,68.96666666666667,True
0,3,3,3,15,15,0.8742857142857143,59,7,16.133572476432263,60.93333333333333,True
0,3,3,4,15,15,0.8857142857142857,0,4,25.22015972837191,61.016666666666666,True
1,3,4,0,15,15,0.8903896103896104,0,8,18.08789170806471,67.6,True
1,3,4,1,15,15,0.8805194805194805,0,10,14.505735349027846,71.2,True
1,3,4,2,15,15,0.907012987012987,0,8,47.779569408993204,68.9,True
1,3,4,3,15,15,0.8909090909090909,0,8,19.4293506442771,59.25,True
1,3,4,4,15,15,0.892987012987013,0,9,38.80725010064574,54.6,True
2,3,5,0,15,15,0.9033766233766234,0,7,34.79937717841799,67.2,True
2,3,5,1,15,15,0.8893506493506493,0,6,14.668271951326755,43.65,True
2,3,5,2,15,15,0.8976623376623377,0,7,43.178175488672174,48.36666666666667,True
2,3,5,3,15,15,0.8883116883116883,0,7,21.356808350596513,49.75,True
2,3,5,4,15,15,0.8592207792207792,0,8,30.847467741524092,44.03333333333333,True
3,3,6,0,15,15,0.8955844155844156,0,8,26.31347284586789,39.78333333333333,True
3,3,6,1,15,15,0.8716883116883117,0,11,14.66785302123541,33.583333333333336,True
3,3,6,2,15,15,0.9116883116883117,0,8,41.667819419760434,45.36666666666667,True
3,3,6,3,15,15,0.8794805194805195,0,11,16.516646147308112,32.4,True
3,3,6,4,15,15,0.9012987012987013,0,13,35.179358117416534,39.85,True
4,3,7,0,15,15,0.9033766233766234,0,7,28.319000737709782,40.88333333333333,True
4,3,7,1,15,15,0.8888311688311689,0,7,13.594777148182763,47.56666666666666,True
4,3,7,2,15,15,0.9018181818181819,47,10,38.382235142400425,70.15,True
4,3,7,3,15,15,0.8966233766233767,0,14,21.03262194805227,38.2,True
4,3,7,4,15,15,0.905974025974026,0,10,39.89342263132715,35.96666666666667,True
0,4,4,0,15,15,0.8987012987012987,0,11,24.57754933250263,64.53333333333333,True
0,4,4,1,15,15,0.8883116883116883,0,12,14.272053351491932,53.88333333333333,True
0,4,4,2,15,15,0.8997402597402597,0,12,50.94371153269801,56.5,True
0,4,4,3,15,15,0.8566233766233766,0,6,15.356031169767421,57.483333333333334,True
0,4,4,4,15,15,0.9064935064935065,6,8,34.53174238139617,64.35,True
1,4,5,0,15,15,0.8872727272727273,0,10,33.14548729018141,57.55,True
1,4,5,1,15,15,0.8841558441558441,0,10,12.906305234153857,45.28333333333333,True
1,4,5,2,15,15,0.9044155844155845,0,13,45.77690756881587,45.36666666666667,True
1,4,5,3,15,15,0.8716883116883117,0,13,14.897362405764495,51.46666666666667,True
1,4,5,4,15,15,0.8924675324675325,0,9,28.261705598773943,41.233333333333334,True
2,4,6,0,15,15,0.8867532467532467,0,9,21.660853400166474,43.11666666666667,True
2,4,6,1,15,15,0.8851948051948052,0,10,19.821166729146885,45.06666666666666,True
2,4,6,2,15,15,0.9018181818181819,0,11,41.81569526534218,40.28333333333333,True
2,4,6,3,15,15,0.8763636363636363,0,15,19.402136520372448,29.833333333333332,True
2,4,6,4,15,15,0.8883116883116883,0,13,25.877455108443726,30.25,True
3,4,7,0,15,15,0.8935064935064935,0,6,28.66843748581562,36.516666666666666,True
3,4,7,1,15,15,0.8607792207792208,0,17,12.70403205579896,35.6,True
3,4,7,2,15,15,0.9023376623376623,0,13,39.60425445052655,53.65,True
3,4,7,3,15,15,0.8877922077922078,0,16,20.92550479969066,39.15,True
3,4,7,4,15,15,0.9018181818181819,0,14,43.42422496133025,39.85,True
4,4,8,0,15,15,0.8971428571428571,0,12,26.401059115295034,30.566666666666666,True
4,4,8,1,15,15,0.8883116883116883,0,8,14.051841344196887,34.0,True
4,4,8,2,15,15,0.8971428571428571,0,13,24.841154562052623,44.95,True
4,4,8,3,15,15,0.8935064935064935,0,16,18.939494130214193,31.516666666666666,True
4,4,8,4,15,15,0.8966233766233767,0,12,32.379694075754784,30.433333333333334,True
