scouts,rescue,seed,step,rescued_victims,detected_victims,explored_fraction,collisions
0,1,0,500,3,5,0.2716883116883117,0
0,1,0,1000,4,6,0.3942857142857143,0
0,1,0,1500,6,6,0.4051948051948052,0
0,1,0,2000,6,7,0.47844155844155845,0
0,1,0,2500,7,7,0.6171428571428571,0
0,1,0,500,3,5,0.2716883116883117,0
0,1,0,1000,4,6,0.3942857142857143,0
0,1,0,1500,6,6,0.4051948051948052,0
0,1,0,2000,6,7,0.47844155844155845,0
0,1,0,2500,7,7,0.6171428571428571,0
0,1,1,500,1,1,0.2831168831168831,0
0,1,1,1000,2,2,0.49558441558441557,0
0,1,1,1500,4,5,0.5761038961038961,0
0,1,1,2000,6,6,0.6285714285714286,0
0,1,1,2500,7,7,0.6431168831168831,0
0,1,2,500,3,3,0.2976623376623377,0
0,1,2,1000,4,4,0.5054545454545455,0
0,1,2,1500,4,4,0.5283116883116883,0
0,1,2,2000,4,5,0.627012987012987,0
0,1,2,2500,5,5,0.6924675324675325,0
0,1,3,500,2,4,0.3194805194805195,0
0,1,3,1000,4,4,0.3807792207792208,0
0,1,3,1500,5,5,0.5496103896103897,0
0,1,3,2000,5,5,0.5620779220779221,0
0,1,3,2500,5,5,0.6031168831168832,0
0,1,4,500,0,1,0.18961038961038962,0
0,1,4,1000,3,3,0.42077922077922075,0
0,1,4,1500,4,4,0.6228571428571429,0
0,1,4,2000,4,4,0.6353246753246753,0
0,1,4,2500,4,5,0.7064935064935065,0
1,1,0,500,4,7,0.32935064935064934,0
1,1,0,1000,7,8,0.3864935064935065,0
1,1,0,1500,10,10,0.6670129870129871,0
1,1,0,2000,11,12,0.8207792207792208,0
1,1,0,2500,12,13,0.8519480519480519,0
1,1,1,500,4,6,0.5444155844155845,0
1,1,1,1000,7,7,0.68,0
1,1,1,1500,9,9,0.7849350649350649,0
1,1,1,2000,9,9,0.7890909090909091,0
1,1,1,2500,10,12,0.7958441558441558,0
1,1,2,500,3,7,0.5111688311688312,0
1,1,2,1000,5,8,0.5376623376623376,0
1,1,2,1500,8,9,0.694025974025974,0
1,1,2,2000,9,11,0.8332467532467532,0
1,1,2,2500,10,11,0.8342857142857143,0
1,1,3,500,2,8,0.44883116883116886,0
1,1,3,1000,4,9,0.52,0
1,1,3,1500,7,12,0.7324675324675325,0
1,1,3,2000,10,13,0.815064935064935,0
1,1,3,2500,11,13,0.8296103896103896,0
1,1,4,500,1,2,0.29194805194805196,0
1,1,4,1000,4,6,0.6088311688311688,0
1,1,4,1500,7,7,0.6935064935064935,0
1,1,4,2000,7,8,0.7314285714285714,0
1,1,4,2500,8,11,0.798961038961039,0
2,1,0,500,3,6,0.3251948051948052,0
2,1,0,1000,6,9,0.6342857142857142,0
2,1,0,1500,9,11,0.7916883116883117,0
2,1,0,2000,11,12,0.8472727272727273,0
2,1,0,2500,11,14,0.8774025974025974,0
2,1,1,500,4,8,0.627012987012987,0
2,1,1,1000,7,10,0.7345454545454545,0
2,1,1,1500,8,10,0.798961038961039,0
2,1,1,2000,10,12,0.8332467532467532,0
2,1,1,2500,11,14,0.8706493506493507,0
2,1,2,500,3,9,0.5948051948051948,0
2,1,2,1000,6,12,0.7298701298701299,0
2,1,2,1500,11,13,0.8062337662337662,0
2,1,2,2000,11,13,0.8275324675324676,0
2,1,2,2500,13,14,0.867012987012987,0
2,1,3,500,3,8,0.4535064935064935,0
2,1,3,1000,6,9,0.4727272727272727,0
2,1,3,1500,8,12,0.6779220779220779,0
2,1,3,2000,11,13,0.8067532467532468,0
2,1,3,2500,12,13,0.8431168831168832,0
2,1,4,500,2,5,0.5703896103896103,0
2,1,4,1000,3,7,0.6779220779220779,0
2,1,4,1500,7,9,0.7594805194805195,0
2,1,4,2000,8,11,0.8311688311688312,0
2,1,4,2500,9,13,0.8680519480519481,0
0,2,0,500,6,6,0.3444155844155844,0
0,2,0,1000,9,9,0.5750649350649351,0
0,2,0,1500,9,9,0.6207792207792208,0
0,2,0,2000,10,10,0.6587012987012987,0
0,2,0,2500,11,11,0.6748051948051949,0
0,2,1,500,4,4,0.49766233766233764,0
0,2,1,1000,5,5,0.6,0
0,2,1,1500,7,8,0.6888311688311688,0
0,2,1,2000,10,10,0.7563636363636363,0
0,2,1,2500,12,12,0.7574025974025974,0
0,2,2,500,6,6,0.44,0
0,2,2,1000,7,7,0.6150649350649351,0
0,2,2,1500,7,7,0.6883116883116883,0
0,2,2,2000,7,7,0.6961038961038961,0
0,2,2,2500,8,8,0.7251948051948052,0
0,2,3,500,4,7,0.4228571428571429,0
0,2,3,1000,6,7,0.4675324675324675,0
0,2,3,1500,8,9,0.5179220779220779,0
0,2,3,2000,11,11,0.7106493506493506,0
0,2,3,2500,12,12,0.8285714285714286,0
0,2,4,500,2,2,0.27376623376623377,0
0,2,4,1000,3,3,0.4815584415584416,0
0,2,4,1500,7,7,0.6763636363636364,0
0,2,4,2000,7,8,0.6992207792207792,0
0,2,4,2500,9,9,0.7641558441558441,0
1,2,0,500,6,6,0.3574025974025974,0
1,2,0,1000,9,9,0.691948051948052,2
1,2,0,1500,9,10,0.8088311688311688,2
1,2,0,2000,11,11,0.8332467532467532,2
1,2,0,2500,12,12,0.850909090909091,2
1,2,1,500,4,5,0.5838961038961039,0
1,2,1,1000,5,7,0.6831168831168831,0
1,2,1,1500,7,8,0.7688311688311689,0
1,2,1,2000,9,9,0.7875324675324675,0
1,2,1,2500,10,10,0.825974025974026,0
1,2,2,500,3,8,0.6025974025974026,0
1,2,2,1000,7,11,0.6436363636363637,0
1,2,2,1500,10,12,0.7584415584415585,0
1,2,2,2000,11,13,0.828051948051948,0
1,2,2,2500,12,13,0.8446753246753247,0
1,2,3,500,4,7,0.44415584415584414,0
1,2,3,1000,6,10,0.5516883116883117,1
1,2,3,1500,8,12,0.730909090909091,1
1,2,3,2000,9,13,0.8451948051948052,1
1,2,3,2500,11,14,0.8571428571428571,1
1,2,4,500,3,5,0.5828571428571429,0
1,2,4,1000,6,8,0.7672727272727272,0
1,2,4,1500,9,9,0.7958441558441558,0
1,2,4,2000,12,15,0.8690909090909091,0
2,2,0,500,7,8,0.4514285714285714,0
2,2,0,1000,9,10,0.6909090909090909,0
2,2,0,1500,9,10,0.8223376623376624,0
2,2,0,2000,10,12,0.8514285714285714,0
2,2,0,2500,11,12,0.8633766233766234,0
2,2,1,500,6,10,0.6794805194805195,0
2,2,1,1000,9,11,0.7615584415584415,0
2,2,1,1500,11,11,0.8316883116883117,0
2,2,1,2000,12,13,0.8436363636363636,0
2,2,1,2500,12,14,0.8555844155844156,0
2,2,2,500,6,8,0.5787012987012987,0
2,2,2,1000,9,11,0.6457142857142857,0
2,2,2,1500,11,12,0.678961038961039,0
2,2,2,2000,12,12,0.8093506493506494,0
2,2,2,2500,14,14,0.8644155844155844,0
2,2,3,500,6,8,0.5303896103896104,0
2,2,3,1000,11,11,0.7610389610389611,0
2,2,3,1500,12,13,0.8342857142857143,0
2,2,3,2000,13,13,0.8716883116883117,0
2,2,4,500,2,6,0.6212987012987014,0
2,2,4,1000,5,7,0.7111688311688311,0
2,2,4,1500,7,9,0.7787012987012987,0
2,2,4,2000,9,11,0.8457142857142858,0
2,2,4,2500,9,13,0.8935064935064935,0
0,1,0,500,3,5,0.2716883116883117,0
0,1,0,1000,4,6,0.3942857142857143,0
0,1,0,1500,6,6,0.4051948051948052,0
0,1,0,2000,6,7,0.47844155844155845,0
0,1,0,2500,7,7,0.6171428571428571,0
0,1,0,3000,7,7,0.6280519480519481,0
0,1,0,3500,8,8,0.6742857142857143,0
0,1,0,4000,9,9,0.691948051948052,0
0,1,0,4500,11,11,0.7849350649350649,0
0,1,1,500,1,1,0.2831168831168831,0
0,1,1,1000,2,2,0.49558441558441557,0
0,1,1,1500,4,5,0.5761038961038961,0
0,1,1,2000,6,6,0.6285714285714286,0
0,1,1,2500,7,7,0.6431168831168831,0
0,1,1,3000,7,7,0.6451948051948052,0
0,1,1,3500,8,8,0.6576623376623376,0
0,1,1,4000,10,10,0.7272727272727273,0
0,1,1,4500,12,12,0.7485714285714286,0
0,1,2,500,3,3,0.2976623376623377,0
0,1,2,1000,4,4,0.5054545454545455,0
0,1,2,1500,4,4,0.5283116883116883,0
0,1,2,2000,4,5,0.627012987012987,0
0,1,2,2500,5,5,0.6924675324675325,0
0,1,2,3000,7,8,0.7506493506493507,0
0,1,2,3500,8,8,0.7745454545454545,0
0,1,2,4000,9,9,0.7766233766233767,0
0,1,2,4500,9,10,0.7766233766233767,0
0,1,3,500,2,4,0.3194805194805195,0
0,1,3,1000,4,4,0.3807792207792208,0
0,1,3,1500,5,5,0.5496103896103897,0
0,1,3,2000,5,5,0.5620779220779221,0
0,1,3,2500,5,5,0.6031168831168832,0
0,1,3,3000,8,8,0.7418181818181818,0
0,1,3,3500,8,8,0.7490909090909091,0
0,1,3,4000,10,10,0.7766233766233767,0
0,1,3,4500,11,11,0.7911688311688312,0
0,1,4,500,0,1,0.18961038961038962,0
0,1,4,1000,3,3,0.42077922077922075,0
0,1,4,1500,4,4,0.6228571428571429,0
0,1,4,2000,4,4,0.6353246753246753,0
0,1,4,2500,4,5,0.7064935064935065,0
0,1,4,3000,6,6,0.7506493506493507,0
0,1,4,3500,6,6,0.7542857142857143,0
0,1,4,4000,6,6,0.7542857142857143,0
0,1,4,4500,7,7,0.7890909090909091,0
1,1,0,500,4,7,0.32935064935064934,0
1,1,0,1000,7,8,0.3864935064935065,0
1,1,0,1500,10,10,0.6670129870129871,0
1,1,0,2000,11,12,0.8207792207792208,0
1,1,0,2500,12,13,0.8519480519480519,0
1,1,0,3000,13,13,0.852987012987013,0
1,1,0,3500,13,14,0.8664935064935065,0
1,1,0,4000,14,15,0.8722077922077922,0
1,1,1,500,4,6,0.5444155844155845,0
1,1,1,1000,7,7,0.68,0
1,1,1,1500,9,9,0.7849350649350649,0
1,1,1,2000,9,9,0.7890909090909091,0
1,1,1,2500,10,12,0.7958441558441558,0
1,1,1,3000,11,13,0.8290909090909091,0
1,1,1,3500,13,14,0.8566233766233766,0
1,1,1,4000,13,14,0.8716883116883117,0
1,1,1,4500,13,15,0.8784415584415585,0
1,1,2,500,3,7,0.5111688311688312,0
1,1,2,1000,5,8,0.5376623376623376,0
1,1,2,1500,8,9,0.694025974025974,0
1,1,2,2000,9,11,0.8332467532467532,0
1,1,2,2500,10,11,0.8342857142857143,0
1,1,2,3000,11,11,0.8535064935064935,0
1,1,2,3500,11,11,0.8566233766233766,0
1,1,2,4000,13,13,0.8571428571428571,0
1,1,2,4500,13,14,0.8638961038961039,0
1,1,3,500,2,8,0.44883116883116886,0
1,1,3,1000,4,9,0.52,0
1,1,3,1500,7,12,0.7324675324675325,0
1,1,3,2000,10,13,0.815064935064935,0
1,1,3,2500,11,13,0.8296103896103896,0
1,1,3,3000,12,14,0.8431168831168832,0
1,1,3,3500,13,14,0.8633766233766234,0
1,1,3,4000,14,15,0.8711688311688311,0
1,1,3,4500,14,15,0.8711688311688311,0
1,1,4,500,1,2,0.29194805194805196,0
1,1,4,1000,4,6,0.6088311688311688,0
1,1,4,1500,7,7,0.6935064935064935,0
1,1,4,2000,7,8,0.7314285714285714,0
1,1,4,2500,8,11,0.798961038961039,0
1,1,4,3000,8,11,0.8212987012987013,0
1,1,4,3500,11,12,0.8581818181818182,0
1,1,4,4000,13,13,0.8587012987012987,0
1,1,4,4500,13,13,0.8597402597402597,0
2,1,0,500,3,6,0.3251948051948052,0
2,1,0,1000,6,9,0.6342857142857142,0
2,1,0,1500,9,11,0.7916883116883117,0
2,1,0,2000,11,12,0.8472727272727273,0
2,1,0,2500,11,14,0.8774025974025974,0
2,1,0,3000,13,15,0.8831168831168831,0
2,1,0,3500,13,15,0.8841558441558441,0
2,1,0,4000,14,15,0.8867532467532467,0
2,1,1,500,4,8,0.627012987012987,0
2,1,1,1000,7,10,0.7345454545454545,0
2,1,1,1500,8,10,0.798961038961039,0
2,1,1,2000,10,12,0.8332467532467532,0
2,1,1,2500,11,14,0.8706493506493507,0
2,1,1,3000,13,15,0.8716883116883117,0
2,1,1,3500,13,15,0.8727272727272727,0
2,1,1,4000,14,15,0.8742857142857143,0
2,1,2,500,3,9,0.5948051948051948,0
2,1,2,1000,6,12,0.7298701298701299,0
2,1,2,1500,11,13,0.8062337662337662,0
2,1,2,2000,11,13,0.8275324675324676,0
2,1,2,2500,13,14,0.867012987012987,0
2,1,2,3000,13,15,0.88,0
2,1,2,3500,14,15,0.8836363636363637,0
2,1,3,500,3,8,0.4535064935064935,0
2,1,3,1000,6,9,0.4727272727272727,0
2,1,3,1500,8,12,0.6779220779220779,0
2,1,3,2000,11,13,0.8067532467532468,0
2,1,3,2500,12,13,0.8431168831168832,0
2,1,3,3000,13,14,0.8633766233766234,0
2,1,3,3500,13,14,0.8706493506493507,0
2,1,3,4000,14,15,0.8711688311688311,0
2,1,4,500,2,5,0.5703896103896103,0
2,1,4,1000,3,7,0.6779220779220779,0
2,1,4,1500,7,9,0.7594805194805195,0
2,1,4,2000,8,11,0.8311688311688312,0
2,1,4,2500,9,13,0.8680519480519481,0
2,1,4,3000,9,14,0.8914285714285715,0
2,1,4,3500,11,15,0.8935064935064935,0
2,1,4,4000,14,15,0.8961038961038961,0
3,1,0,500,4,10,0.49558441558441557,0
3,1,0,1000,5,12,0.7501298701298701,0
3,1,0,1500,8,13,0.8483116883116883,0
3,1,0,2000,10,15,0.8727272727272727,0
3,1,0,2500,11,15,0.8789610389610389,0
3,1,0,3000,13,15,0.8815584415584415,0
3,1,0,3500,14,15,0.8846753246753247,0
3,1,1,500,3,11,0.7018181818181818,0
3,1,1,1000,5,12,0.7719480519480519,0
3,1,1,1500,8,12,0.8218181818181818,0
3,1,1,2000,10,13,0.8488311688311688,0
3,1,1,2500,11,14,0.8503896103896104,0
3,1,1,3000,13,15,0.8680519480519481,0
3,1,1,3500,14,15,0.8690909090909091,0
3,1,2,500,3,10,0.5807792207792207,0
3,1,2,1000,5,12,0.7324675324675325,0
3,1,2,1500,8,12,0.8181818181818182,0
3,1,2,2000,10,14,0.8753246753246753,0
3,1,2,2500,11,14,0.8903896103896104,0
3,1,2,3000,12,15,0.8997402597402597,0
3,1,2,3500,12,15,0.9012987012987013,0
3,1,2,4000,14,15,0.9012987012987013,0
3,1,2,4500,14,15,0.9012987012987013,0
3,1,3,500,3,8,0.5309090909090909,0
3,1,3,1000,8,10,0.6711688311688312,0
3,1,3,1500,8,13,0.84,44
3,1,3,2000,8,14,0.8784415584415585,329
3,1,3,2500,8,14,0.8789610389610389,633
3,1,3,3000,8,15,0.8815584415584415,857
3,1,3,3500,8,15,0.8820779220779221,1085
3,1,3,4000,8,15,0.8825974025974026,1107
3,1,3,4500,8,15,0.8825974025974026,1271
3,1,4,500,1,9,0.7532467532467533,0
3,1,4,1000,6,12,0.7828571428571428,0
3,1,4,1500,8,15,0.852987012987013,0
3,1,4,2000,11,15,0.8883116883116883,0
3,1,4,2500,13,15,0.8903896103896104,0
3,1,4,3000,14,15,0.8914285714285715,0
4,1,0,500,4,9,0.5012987012987012,0
4,1,0,1000,6,12,0.734025974025974,0
4,1,0,1500,8,12,0.8425974025974026,0
4,1,0,2000,10,14,0.8638961038961039,0
4,1,0,2500,12,15,0.8971428571428571,0
4,1,0,3000,13,15,0.8992207792207793,0
4,1,0,3500,14,15,0.9023376623376623,0
4,1,1,500,4,11,0.7225974025974026,0
4,1,1,1000,5,14,0.775064935064935,0
4,1,1,1500,7,15,0.8701298701298701,0
4,1,1,2000,11,15,0.8820779220779221,0
4,1,1,2500,13,15,0.8841558441558441,0
4,1,1,3000,14,15,0.8851948051948052,0
4,1,2,500,3,10,0.6,0
4,1,2,1000,6,12,0.7594805194805195,0
4,1,2,1500,9,14,0.8722077922077922,0
4,1,2,2000,10,14,0.8820779220779221,0
4,1,2,2500,11,15,0.8893506493506493,0
4,1,2,3000,11,15,0.8893506493506493,0
4,1,2,3500,13,15,0.8976623376623377,8
4,1,2,4000,14,15,0.8992207792207793,8
4,1,2,4500,14,15,0.8992207792207793,8
4,1,3,500,3,8,0.5605194805194805,0
4,1,3,1000,5,12,0.7018181818181818,0
4,1,3,1500,7,12,0.8472727272727273,0
4,1,3,2000,11,13,0.8498701298701299,0
4,1,3,2500,12,14,0.867012987012987,0
4,1,3,3000,13,15,0.8763636363636363,0
4,1,3,3500,14,15,0.8805194805194805,0
4,1,4,500,2,12,0.8051948051948052,0
4,1,4,1000,5,14,0.8415584415584415,0
4,1,4,1500,10,15,0.8867532467532467,0
4,1,4,2000,10,15,0.8883116883116883,0
4,1,4,2500,11,15,0.8893506493506493,0
4,1,4,3000,13,15,0.8898701298701299,0
4,1,4,3500,14,15,0.8909090909090909,0
0,2,0,500,6,6,0.3444155844155844,0
0,2,0,1000,9,9,0.5750649350649351,0
0,2,0,1500,9,9,0.6207792207792208,0
0,2,0,2000,10,10,0.6587012987012987,0
0,2,0,2500,11,11,0.6748051948051949,0
0,2,0,3000,11,11,0.681038961038961,0
0,2,0,3500,11,11,0.8155844155844156,0
0,2,0,4000,13,13,0.8628571428571429,0
0,2,0,4500,13,13,0.8758441558441559,0
0,2,1,500,4,4,0.49766233766233764,0
0,2,1,1000,5,5,0.6,0
0,2,1,1500,7,8,0.6888311688311688,0
0,2,1,2000,10,10,0.7563636363636363,0
0,2,1,2500,12,12,0.7574025974025974,0
0,2,1,3000,12,12,0.8228571428571428,0
0,2,1,3500,12,12,0.8322077922077922,0
0,2,1,4000,13,13,0.8644155844155844,0
0,2,1,4500,14,14,0.8779220779220779,0
0,2,2,500,6,6,0.44,0
0,2,2,1000,7,7,0.6150649350649351,0
0,2,2,1500,7,7,0.6883116883116883,0
0,2,2,2000,7,7,0.6961038961038961,0
0,2,2,2500,8,8,0.7251948051948052,0
0,2,2,3000,8,8,0.7605194805194805,0
0,2,2,3500,11,11,0.8389610389610389,0
0,2,2,4000,11,11,0.8394805194805195,0
0,2,2,4500,12,12,0.84,0
0,2,3,500,4,7,0.4228571428571429,0
0,2,3,1000,6,7,0.4675324675324675,0
0,2,3,1500,8,9,0.5179220779220779,0
0,2,3,2000,11,11,0.7106493506493506,0
0,2,3,2500,12,12,0.8285714285714286,0
0,2,3,3000,13,13,0.8597402597402597,0
0,2,3,3500,14,14,0.8664935064935065,0
0,2,4,500,2,2,0.27376623376623377,0
0,2,4,1000,3,3,0.4815584415584416,0
0,2,4,1500,7,7,0.6763636363636364,0
0,2,4,2000,7,8,0.6992207792207792,0
0,2,4,2500,9,9,0.7641558441558441,0
0,2,4,3000,10,10,0.8062337662337662,0
0,2,4,3500,10,10,0.8109090909090909,0
0,2,4,4000,13,14,0.8742857142857143,0
1,2,0,500,6,6,0.3574025974025974,0
1,2,0,1000,9,9,0.691948051948052,2
1,2,0,1500,9,10,0.8088311688311688,2
1,2,0,2000,11,11,0.8332467532467532,2
1,2,0,2500,12,12,0.850909090909091,2
1,2,0,3000,12,12,0.8602597402597403,2
1,2,1,500,4,5,0.5838961038961039,0
1,2,1,1000,5,7,0.6831168831168831,0
1,2,1,1500,7,8,0.7688311688311689,0
1,2,1,2000,9,9,0.7875324675324675,0
1,2,1,2500,10,10,0.825974025974026,0
1,2,1,3000,10,10,0.841038961038961,0
1,2,1,3500,10,11,0.8514285714285714,0
1,2,1,4000,11,11,0.8597402597402597,0
1,2,1,4500,12,12,0.8597402597402597,0
1,2,2,500,3,8,0.6025974025974026,0
1,2,2,1000,7,11,0.6436363636363637,0
1,2,2,1500,10,12,0.7584415584415585,0
1,2,2,2000,11,13,0.828051948051948,0
1,2,2,2500,12,13,0.8446753246753247,0
1,2,2,3000,13,14,0.8597402597402597,0
1,2,2,3500,14,14,0.8654545454545455,0
1,2,2,4000,14,14,0.8654545454545455,0
1,2,3,500,4,7,0.44415584415584414,0
1,2,3,1000,6,10,0.5516883116883117,1
1,2,3,1500,8,12,0.730909090909091,1
1,2,3,2000,9,13,0.8451948051948052,1
1,2,3,2500,11,14,0.8571428571428571,1
1,2,3,3000,13,14,0.8597402597402597,1
1,2,3,3500,14,15,0.8706493506493507,1
1,2,3,4000,14,15,0.8784415584415585,1
1,2,4,500,3,5,0.5828571428571429,0
1,2,4,1000,6,8,0.7672727272727272,0
1,2,4,1500,9,9,0.7958441558441558,0
1,2,4,2000,12,15,0.8690909090909091,0
2,2,0,500,7,8,0.4514285714285714,0
2,2,0,1000,9,10,0.6909090909090909,0
2,2,0,1500,9,10,0.8223376623376624,0
2,2,0,2000,10,12,0.8514285714285714,0
2,2,0,2500,11,12,0.8633766233766234,0
2,2,0,3000,12,13,0.8722077922077922,0
2,2,0,3500,13,14,0.8851948051948052,0
2,2,0,4000,14,15,0.8945454545454545,0
2,2,0,4500,14,15,0.8992207792207793,0
2,2,1,500,6,10,0.6794805194805195,0
2,2,1,1000,9,11,0.7615584415584415,0
2,2,1,1500,11,11,0.8316883116883117,0
2,2,1,2000,12,13,0.8436363636363636,0
2,2,1,2500,12,14,0.8555844155844156,0
2,2,1,3000,14,15,0.8748051948051948,0
2,2,1,3500,14,15,0.8857142857142857,0
2,2,2,500,6,8,0.5787012987012987,0
2,2,2,1000,9,11,0.6457142857142857,0
2,2,2,1500,11,12,0.678961038961039,0
2,2,2,2000,12,12,0.8093506493506494,0
2,2,2,2500,14,14,0.8644155844155844,0
2,2,2,3000,14,15,0.8789610389610389,0
2,2,3,500,6,8,0.5303896103896104,0
2,2,3,1000,11,11,0.7610389610389611,0
2,2,3,1500,12,13,0.8342857142857143,0
2,2,3,2000,13,13,0.8716883116883117,0
2,2,4,500,2,6,0.6212987012987014,0
2,2,4,1000,5,7,0.7111688311688311,0
2,2,4,1500,7,9,0.7787012987012987,0
2,2,4,2000,9,11,0.8457142857142858,0
2,2,4,2500,9,13,0.8935064935064935,0
2,2,4,3000,14,15,0.8976623376623377,0
3,2,0,500,7,8,0.5127272727272727,0
3,2,0,1000,8,10,0.734025974025974,0
3,2,0,1500,10,13,0.8358441558441558,0
3,2,0,2000,11,13,0.8571428571428571,0
3,2,0,2500,12,13,0.8805194805194805,0
3,2,0,3000,13,13,0.8950649350649351,0
3,2,0,3500,14,15,0.8992207792207793,0
3,2,0,4000,14,15,0.907012987012987,0
3,2,1,500,7,11,0.7132467532467532,0
3,2,1,1000,11,14,0.7522077922077922,0
3,2,1,1500,13,15,0.8649350649350649,0
3,2,1,2000,14,15,0.8711688311688311,0
3,2,2,500,4,10,0.5916883116883117,0
3,2,2,1000,8,12,0.7236363636363636,0
3,2,2,1500,9,13,0.8685714285714285,0
3,2,2,2000,11,13,0.8758441558441559,0
3,2,2,2500,12,15,0.8805194805194805,0
3,2,2,3000,13,15,0.8831168831168831,0
3,2,3,500,6,9,0.5511688311688312,0
3,2,3,1000,11,12,0.6924675324675325,0
3,2,3,1500,13,13,0.8612987012987013,0
3,2,3,2000,13,14,0.8675324675324675,0
3,2,3,2500,14,15,0.8768831168831169,0
3,2,4,500,3,10,0.811948051948052,0
3,2,4,1000,11,13,0.8467532467532467,0
3,2,4,1500,14,15,0.8644155844155844,0
4,2,0,500,7,12,0.6545454545454545,0
4,2,0,1000,10,13,0.7968831168831169,0
4,2,0,1500,12,15,0.8628571428571429,0
4,2,0,2000,13,15,0.88,0
4,2,1,500,6,12,0.7236363636363636,0
4,2,1,1000,8,14,0.7646753246753247,0
4,2,1,1500,12,15,0.8737662337662337,0
4,2,1,2000,13,15,0.8753246753246753,0
4,2,1,2500,14,15,0.8836363636363637,0
4,2,2,500,4,10,0.6124675324675325,0
4,2,2,1000,8,12,0.7506493506493507,0
4,2,2,1500,11,13,0.8727272727272727,0
4,2,2,2000,12,15,0.8919480519480519,0
4,2,2,2500,13,15,0.8976623376623377,0
4,2,2,3000,14,15,0.9049350649350649,0
4,2,2,3500,14,15,0.9054545454545454,0
4,2,3,500,8,10,0.6051948051948052,0
4,2,3,1000,11,12,0.6981818181818182,0
4,2,3,1500,12,13,0.8722077922077922,0
4,2,3,2000,13,14,0.8877922077922078,0
4,2,3,2500,13,14,0.8903896103896104,0
4,2,3,3000,14,15,0.8919480519480519,0
4,2,4,500,5,13,0.8114285714285714,0
4,2,4,1000,11,14,0.8446753246753247,0
4,2,4,1500,13,15,0.8898701298701299,0
4,2,4,2000,13,15,0.8940259740259741,0
4,2,4,2500,14,15,0.8981818181818182,0
0,3,0,500,6,6,0.36883116883116884,0
0,3,0,1000,7,7,0.627012987012987,0
0,3,0,1500,7,8,0.6753246753246753,0
0,3,0,2000,11,11,0.8311688311688312,0
0,3,0,2500,11,13,0.8685714285714285,0
0,3,0,3000,13,13,0.8748051948051948,0
0,3,0,3500,14,14,0.8945454545454545,0
0,3,1,500,7,8,0.6498701298701298,0
0,3,1,1000,8,9,0.7776623376623376,0
0,3,1,1500,9,9,0.8093506493506494,0
0,3,1,2000,9,9,0.8244155844155844,0
0,3,1,2500,10,10,0.8285714285714286,0
0,3,1,3000,12,12,0.8628571428571429,0
0,3,1,3500,12,14,0.867012987012987,0
0,3,2,500,5,7,0.5906493506493506,0
0,3,2,1000,7,7,0.6924675324675325,0
0,3,2,1500,7,7,0.7246753246753247,0
0,3,2,2000,8,9,0.8202597402597402,0
0,3,2,2500,11,11,0.8711688311688311,0
0,3,2,3000,11,12,0.8862337662337663,0
0,3,2,3500,12,12,0.8877922077922078,0
0,3,2,4000,14,14,0.8893506493506493,0
0,3,3,500,5,7,0.4192207792207792,0
0,3,3,1000,8,8,0.4587012987012987,59
0,3,3,1500,10,10,0.6264935064935065,59
0,3,3,2000,12,12,0.8166233766233766,59
0,3,3,2500,12,12,0.8342857142857143,59
0,3,3,3000,13,13,0.8623376623376623,59
0,3,3,3500,14,14,0.8649350649350649,59
0,3,4,500,4,6,0.5916883116883117,0
0,3,4,1000,7,7,0.7412987012987013,0
0,3,4,1500,8,8,0.7605194805194805,0
0,3,4,2000,9,9,0.827012987012987,0
0,3,4,2500,11,12,0.8701298701298701,0
0,3,4,3000,13,13,0.8763636363636363,0
0,3,4,3500,13,15,0.8846753246753247,0
1,3,0,500,8,8,0.4851948051948052,0
1,3,0,1000,9,9,0.7132467532467532,0
1,3,0,1500,10,11,0.8244155844155844,0
1,3,0,2000,11,11,0.8535064935064935,0
1,3,0,2500,11,12,0.8561038961038961,0
1,3,0,3000,12,13,0.8633766233766234,0
1,3,0,3500,12,14,0.8877922077922078,0
1,3,0,4000,14,15,0.8903896103896104,0
1,3,1,500,8,8,0.6410389610389611,0
1,3,1,1000,8,9,0.7854545454545454,0
1,3,1,1500,8,9,0.8057142857142857,0
1,3,1,2000,11,11,0.8503896103896104,0
1,3,1,2500,11,12,0.8555844155844156,0
1,3,1,3000,12,12,0.8561038961038961,0
1,3,1,3500,14,14,0.8571428571428571,0
1,3,1,4000,14,14,0.8571428571428571,0
1,3,2,500,7,9,0.6457142857142857,0
1,3,2,1000,10,11,0.6898701298701299,0
1,3,2,1500,11,11,0.7101298701298702,0
1,3,2,2000,12,12,0.8524675324675325,0
1,3,2,2500,12,12,0.8576623376623377,0
1,3,2,3000,12,13,0.8701298701298701,0
1,3,2,3500,13,14,0.8924675324675325,0
1,3,2,4000,14,15,0.9054545454545454,0
1,3,3,500,5,7,0.5215584415584416,0
1,3,3,1000,10,10,0.6223376623376623,0
1,3,3,1500,10,11,0.7636363636363637,0
1,3,3,2000,12,12,0.8633766233766234,0
1,3,3,2500,13,13,0.8857142857142857,0
1,3,3,3000,14,14,0.8903896103896104,0
1,3,3,3500,14,15,0.8909090909090909,0
1,3,4,500,3,6,0.638961038961039,0
1,3,4,1000,7,9,0.7844155844155845,0
1,3,4,1500,8,10,0.7948051948051948,0
1,3,4,2000,12,12,0.8644155844155844,0
1,3,4,2500,13,14,0.8846753246753247,0
1,3,4,3000,14,14,0.8898701298701299,0
2,3,0,500,8,8,0.507012987012987,0
2,3,0,1000,9,10,0.7948051948051948,0
2,3,0,1500,10,10,0.8051948051948052,0
2,3,0,2000,11,11,0.8114285714285714,0
2,3,0,2500,11,13,0.8768831168831169,0
2,3,0,3000,13,13,0.8893506493506493,0
2,3,0,3500,14,14,0.9023376623376623,0
2,3,0,4000,14,15,0.9033766233766234,0
2,3,1,500,7,9,0.6857142857142857,0
2,3,1,1000,10,12,0.7371428571428571,0
2,3,1,1500,12,12,0.8,0
2,3,1,2000,12,12,0.8493506493506493,0
2,3,1,2500,14,14,0.8888311688311689,0
2,3,2,500,7,10,0.5963636363636363,0
2,3,2,1000,10,11,0.638961038961039,0
2,3,2,1500,11,12,0.7802597402597402,0
2,3,2,2000,12,13,0.8571428571428571,0
2,3,2,2500,14,14,0.8950649350649351,0
2,3,3,500,5,8,0.5355844155844156,0
2,3,3,1000,8,11,0.7584415584415585,0
2,3,3,1500,12,13,0.828051948051948,0
2,3,3,2000,13,13,0.8690909090909091,0
2,3,3,2500,14,14,0.8820779220779221,0
2,3,4,500,4,9,0.6748051948051949,0
2,3,4,1000,8,12,0.7828571428571428,0
2,3,4,1500,12,14,0.8472727272727273,0
2,3,4,2000,13,15,0.854025974025974,0
2,3,4,2500,14,15,0.8561038961038961,0
3,3,0,500,8,11,0.6690909090909091,0
3,3,0,1000,12,12,0.785974025974026,0
3,3,0,1500,12,13,0.8628571428571429,0
3,3,0,2000,14,15,0.8857142857142857,0
3,3,1,500,9,12,0.7231168831168832,0
3,3,1,1000,11,14,0.7558441558441559,0
3,3,1,1500,14,15,0.867012987012987,0
3,3,1,2000,14,15,0.8716883116883117,0
3,3,2,500,5,10,0.6166233766233766,0
3,3,2,1000,10,11,0.7018181818181818,0
3,3,2,1500,11,12,0.7745454545454545,0
3,3,2,2000,12,13,0.892987012987013,0
3,3,2,2500,14,15,0.9106493506493506,0
3,3,3,500,8,11,0.5963636363636363,0
3,3,3,1000,12,14,0.812987012987013,0
3,3,3,1500,14,15,0.8701298701298701,0
3,3,4,500,6,13,0.8155844155844156,0
3,3,4,1000,12,15,0.8457142857142858,0
3,3,4,1500,13,15,0.8753246753246753,0
3,3,4,2000,14,15,0.8919480519480519,0
4,3,0,500,7,12,0.652987012987013,0
4,3,0,1000,12,12,0.7672727272727272,0
4,3,0,1500,12,13,0.8654545454545455,0
4,3,0,2000,14,15,0.8966233766233767,0
4,3,1,500,5,12,0.7283116883116884,0
4,3,1,1000,7,14,0.7755844155844156,0
4,3,1,1500,10,15,0.8779220779220779,0
4,3,1,2000,13,15,0.8820779220779221,0
4,3,1,2500,14,15,0.8877922077922078,0
4,3,2,500,6,9,0.5922077922077922,0
4,3,2,1000,10,10,0.7433766233766234,47
4,3,2,1500,10,11,0.837922077922078,47
4,3,2,2000,11,11,0.8519480519480519,47
4,3,2,2500,12,12,0.8877922077922078,47
4,3,2,3000,13,13,0.8940259740259741,47
4,3,2,3500,13,14,0.8971428571428571,47
4,3,2,4000,14,15,0.9007792207792208,47
4,3,3,500,8,10,0.6031168831168832,0
4,3,3,1000,12,13,0.7781818181818182,0
4,3,3,1500,13,14,0.8841558441558441,0
4,3,3,2000,14,15,0.8961038961038961,0
4,3,4,500,5,12,0.8446753246753247,0
4,3,4,1000,11,15,0.892987012987013,0
4,3,4,1500,13,15,0.8981818181818182,0
4,3,4,2000,14,15,0.9012987012987013,0
0,4,0,500,8,8,0.47324675324675325,0
0,4,0,1000,9,9,0.7314285714285714,0
0,4,0,1500,10,10,0.7911688311688312,0
0,4,0,2000,11,12,0.8228571428571428,0
0,4,0,2500,12,12,0.841038961038961,0
0,4,0,3000,13,13,0.8789610389610389,0
0,4,0,3500,14,14,0.8981818181818182,0
0,4,1,500,8,8,0.6576623376623376,0
0,4,1,1000,9,9,0.7376623376623377,0
0,4,1,1500,10,10,0.7714285714285715,0
0,4,1,2000,10,10,0.7906493506493506,0
0,4,1,2500,12,12,0.8732467532467533,0
0,4,1,3000,13,13,0.8768831168831169,0
0,4,2,500,5,6,0.6924675324675325,0
0,4,2,1000,8,8,0.7838961038961039,0
0,4,2,1500,8,9,0.815064935064935,0
0,4,2,2000,11,11,0.852987012987013,0
0,4,2,2500,12,12,0.8877922077922078,0
0,4,2,3000,14,14,0.8919480519480519,0
0,4,3,500,6,6,0.507012987012987,0
0,4,3,1000,8,8,0.5470129870129871,0
0,4,3,1500,10,10,0.6150649350649351,0
0,4,3,2000,11,11,0.7776623376623376,0
0,4,3,2500,11,11,0.7963636363636364,0
0,4,3,3000,13,13,0.812987012987013,0
0,4,4,500,4,6,0.6405194805194805,0
0,4,4,1000,8,8,0.8524675324675325,6
0,4,4,1500,10,10,0.8758441558441559,6
0,4,4,2000,11,12,0.8877922077922078,6
0,4,4,2500,12,12,0.8883116883116883,6
0,4,4,3000,13,14,0.8992207792207793,6
0,4,4,3500,14,14,0.905974025974026,6
1,4,0,500,8,8,0.4961038961038961,0
1,4,0,1000,9,10,0.7854545454545454,0
1,4,0,1500,10,10,0.7994805194805195,0
1,4,0,2000,12,12,0.8197402597402598,0
1,4,0,2500,12,14,0.8493506493506493,0
1,4,0,3000,14,14,0.8696103896103896,0
1,4,1,500,8,9,0.7054545454545454,0
1,4,1,1000,11,12,0.7511688311688312,0
1,4,1,1500,12,12,0.7636363636363637,0
1,4,1,2000,14,14,0.7963636363636364,0
1,4,1,2500,14,15,0.8612987012987013,0
1,4,2,500,8,8,0.6145454545454545,0
1,4,2,1000,9,11,0.6987012987012987,0
1,4,2,1500,12,12,0.7028571428571428,0
1,4,2,2000,13,13,0.8597402597402597,0
1,4,2,2500,14,14,0.8919480519480519,0
1,4,3,500,5,7,0.5251948051948052,0
1,4,3,1000,10,11,0.6410389610389611,0
1,4,3,1500,11,12,0.7709090909090909,0
1,4,3,2000,13,13,0.8561038961038961,0
1,4,3,2500,14,14,0.8680519480519481,0
1,4,3,3000,14,15,0.8716883116883117,0
1,4,4,500,4,7,0.7085714285714285,0
1,4,4,1000,8,9,0.798961038961039,0
1,4,4,1500,9,9,0.8072727272727273,0
1,4,4,2000,12,12,0.8457142857142858,0
2,4,0,500,9,10,0.6358441558441559,0
2,4,0,1000,11,11,0.7407792207792208,0
2,4,0,1500,12,12,0.841038961038961,0
2,4,0,2000,13,13,0.8680519480519481,0
2,4,0,2500,14,14,0.8867532467532467,0
2,4,1,500,7,9,0.6857142857142857,0
2,4,1,1000,10,12,0.7361038961038961,0
2,4,1,1500,12,12,0.8155844155844156,0
2,4,1,2000,13,13,0.8566233766233766,0
2,4,1,2500,14,14,0.8846753246753247,0
2,4,2,500,8,10,0.6254545454545455,0
2,4,2,1000,11,11,0.6851948051948052,0
2,4,2,1500,12,13,0.8467532467532467,0
2,4,2,2000,13,13,0.8888311688311689,0
2,4,3,500,8,10,0.5875324675324676,0
2,4,3,1000,12,12,0.7896103896103897,0
2,4,3,1500,13,14,0.8654545454545455,0
2,4,4,500,5,8,0.6872727272727273,0
2,4,4,1000,8,12,0.7901298701298701,0
2,4,4,1500,13,14,0.8862337662337663,0
3,4,0,500,8,11,0.6701298701298701,0
3,4,0,1000,11,12,0.7516883116883117,0
3,4,0,1500,12,13,0.8836363636363637,0
3,4,0,2000,13,15,0.8924675324675325,0
3,4,1,500,8,11,0.7231168831168832,0
3,4,1,1000,11,14,0.7553246753246753,0
3,4,1,1500,13,15,0.8535064935064935,0
3,4,1,2000,14,15,0.8607792207792208,0
3,4,2,500,6,9,0.6218181818181818,0
3,4,2,1000,10,12,0.8348051948051948,0
3,4,2,1500,11,12,0.8493506493506493,0
3,4,2,2000,12,14,0.8846753246753247,0
3,4,2,2500,12,15,0.8976623376623377,0
3,4,2,3000,13,15,0.9018181818181819,0
3,4,3,500,8,11,0.6051948051948052,0
3,4,3,1000,12,13,0.8197402597402598,0
3,4,3,1500,13,13,0.8680519480519481,0
3,4,3,2000,14,15,0.8831168831168831,0
3,4,4,500,6,12,0.8488311688311688,0
3,4,4,1000,12,15,0.8872727272727273,0
3,4,4,1500,13,15,0.8903896103896104,0
3,4,4,2000,14,15,0.8955844155844156,0
4,4,0,500,8,12,0.6758441558441558,0
4,4,0,1000,12,13,0.8353246753246754,0
4,4,0,1500,13,14,0.8862337662337663,0
4,4,1,500,5,13,0.732987012987013,0
4,4,1,1000,9,15,0.8602597402597403,0
4,4,1,1500,13,15,0.8716883116883117,0
4,4,1,2000,14,15,0.8883116883116883,0
4,4,2,500,8,9,0.6306493506493507,0
4,4,2,1000,10,11,0.7251948051948052,0
4,4,2,1500,12,13,0.8618181818181818,0
4,4,2,2000,12,13,0.8737662337662337,0
4,4,2,2500,14,15,0.8971428571428571,0
4,4,3,500,8,11,0.6051948051948052,0
4,4,3,1000,12,14,0.7838961038961039,0
4,4,3,1500,14,15,0.8883116883116883,0
4,4,4,500,9,13,0.865974025974026,0
4,4,4,1000,13,15,0.8945454545454545,0
4,4,4,1500,14,15,0.8950649350649351,0
